<?xml version="1.0" encoding="utf-8"?>
<MaxQuantParams xmlns:xsd="http://www.w3.org/2001/XMLSchema" xmlns:xsi="http://www.w3.org/2001/XMLSchema-instance">
  <fastaFiles>
    <FastaFileInfo>
      <fastaFilePath>C:\databases\uniprot-human-reviewed-2024.fasta</fastaFilePath>
      <identifierParseRule>>([^\s]*)</identifierParseRule>
      <descriptionParseRule>>(.*)</descriptionParseRule>
      <taxonomyParseRule></taxonomyParseRule>
      <variationParseRule></variationParseRule>
      <modificationParseRule></modificationParseRule>
      <taxonomyId>9606</taxonomyId>
    </FastaFileInfo>
  </fastaFiles>
  <fastaFilesProteogenomics></fastaFilesProteogenomics>
  <fastaFilesFirstSearch></fastaFilesFirstSearch>
  <fixedSearchFolder></fixedSearchFolder>
  <andromedaCacheSize>350000</andromedaCacheSize>
  <advancedRatios>True</advancedRatios>
  <pvalThres>0.005</pvalThres>
  <neucodeRatioBasedQuantification>False</neucodeRatioBasedQuantification>
  <neucodeStabilizeLargeRatios>True</neucodeStabilizeLargeRatios>
  <rtShift>False</rtShift>
  <separateLfq>False</separateLfq>
  <lfqStabilizeLargeRatios>True</lfqStabilizeLargeRatios>
  <lfqRequireMsms>True</lfqRequireMsms>
  <decoyMode>revert</decoyMode>
  <boxCarMode>all</boxCarMode>
  <includeContaminants>True</includeContaminants>
  <maxPeptideMass>4600</maxPeptideMass>
  <epsilonMutationScore>True</epsilonMutationScore>
  <mutatedPeptidesSeparately>True</mutatedPeptidesSeparately>
  <minDeltaScoreUnmodifiedPeptides>0</minDeltaScoreUnmodifiedPeptides>
  <minDeltaScoreModifiedPeptides>6</minDeltaScoreModifiedPeptides>
  <minScoreUnmodifiedPeptides>0</minScoreUnmodifiedPeptides>
  <minScoreModifiedPeptides>40</minScoreModifiedPeptides>
  <secondPeptide>True</secondPeptide>
  <matchBetweenRuns>True</matchBetweenRuns>
  <matchUnidentifiedFeatures>True</matchUnidentifiedFeatures>
  <matchBetweenRunsFdr>False</matchBetweenRunsFdr>
  <dependentPeptides>False</dependentPeptides>
  <dependentPeptideFdr>0</dependentPeptideFdr>
  <dependentPeptideMassBin>0</dependentPeptideMassBin>
  <msmsConnection>False</msmsConnection>
  <ibaq>False</ibaq>
  <ibaqLogFit>False</ibaqLogFit>
  <razorProteinFdr>True</razorProteinFdr>
  <deNovoSequencing>False</deNovoSequencing>
  <deNovoVarMods>True</deNovoVarMods>
  <massDifferenceSearch>False</massDifferenceSearch>
  <isotopeCalc>False</isotopeCalc>
  <writePeptidesForSpectrumFile></writePeptidesForSpectrumFile>
  <intensityPredictionsFile></intensityPredictionsFile>
  <minPeptideLengthForUnspecificSearch>8</minPeptideLengthForUnspecificSearch>
  <maxPeptideLengthForUnspecificSearch>25</maxPeptideLengthForUnspecificSearch>
  <useNormRatiosForOccupancy>True</useNormRatiosForOccupancy>
  <minPeptides>1</minPeptides>
  <minRazorPeptides>1</minRazorPeptides>
  <minUniquePeptides>0</minUniquePeptides>
  <useCounterparts>False</useCounterparts>
  <advancedSiteIntensities>True</advancedSiteIntensities>
  <customProteinQuantification>False</customProteinQuantification>
  <customProteinQuantificationFile></customProteinQuantificationFile>
  <minRatioCount>2</minRatioCount>
  <restrictProteinQuantification>True</restrictProteinQuantification>
  <restrictMods>
    <string>Oxidation (M)</string>
    <string>Acetyl (Protein N-term)</string>
  </restrictMods>
  <matchingTimeWindow>0.7</matchingTimeWindow>
  <alignmentTimeWindow>20</alignmentTimeWindow>
  <numberOfCandidatesMultiplexedMsms>25</numberOfCandidatesMultiplexedMsms>
  <numberOfCandidatesMsms>15</numberOfCandidatesMsms>
  <compositionPrediction>0</compositionPrediction>
  <quantMode>1</quantMode>
  <massDifferenceMods></massDifferenceMods>
  <mainSearchMaxCombinations>200</mainSearchMaxCombinations>
  <writeMsScansTable>False</writeMsScansTable>
  <writeMsmsScansTable>False</writeMsmsScansTable>
  <writeMs3ScansTable>False</writeMs3ScansTable>
  <writeAllPeptidesTable>True</writeAllPeptidesTable>
  <writeMzRangeTable>False</writeMzRangeTable>
  <writePasefMsmsScansTable>False</writePasefMsmsScansTable>
  <writeAccumulatedMsmsScansTable>False</writeAccumulatedMsmsScansTable>
  <maxNegativeDeviation>7</maxNegativeDeviation>
  <maxPositiveDeviation>7</maxPositiveDeviation>
  <timsTofTofWindow>600</timsTofTofWindow>
  <numThreads>8</numThreads>
  <useDotNetCore>True</useDotNetCore>
  <filePaths>
    <string>C:\data\sample1.raw</string>
    <string>C:\data\sample2.raw</string>
    <string>C:\data\sample3.raw</string>
  </filePaths>
  <experiments>
    <string>Exp1</string>
    <string>Exp1</string>
    <string>Exp1</string>
  </experiments>
  <fractions>
    <short>1</short>
    <short>1</short>
    <short>1</short>
  </fractions>
  <ptms>
    <boolean>False</boolean>
    <boolean>False</boolean>
    <boolean>False</boolean>
  </ptms>
  <paramGroupIndices>
    <int>0</int>
    <int>0</int>
    <int>0</int>
  </paramGroupIndices>
  <referenceChannel></referenceChannel>
  <parameterGroups>
    <parameterGroup>
      <msInstrument>0</msInstrument>
      <maxCharge>7</maxCharge>
      <minPeakLen>2</minPeakLen>
      <diaMinMsmsIntensityForQuantCol>0</diaMinMsmsIntensityForQuantCol>
      <diaFragmentRestriction>-1</diaFragmentRestriction>
      <diaIntensityCutoff>0.01</diaIntensityCutoff>
      <useMs1CentroidedData>False</useMs1CentroidedData>
      <useMs2CentroidedData>False</useMs2CentroidedData>
      <cutPeaks>True</cutPeaks>
      <gapScans>1</gapScans>
      <minTime>NaN</minTime>
      <maxTime>NaN</maxTime>
      <matchType>MatchFromAndTo</matchType>
      <centroidMatchTol>8</centroidMatchTol>
      <centroidMatchTolInPpm>True</centroidMatchTolInPpm>
      <centroidHalfWidth>35</centroidHalfWidth>
      <centroidHalfWidthInPpm>True</centroidHalfWidthInPpm>
      <valleyFactor>1.4</valleyFactor>
      <isotopeValleyFactor>1.2</isotopeValleyFactor>
      <advancedPeakSplitting>False</advancedPeakSplitting>
      <intensityThreshold>0</intensityThreshold>
      <labelMods>
        <string></string>
      </labelMods>
      <lcmsRunType>Standard</lcmsRunType>
      <reQuantify>False</reQuantify>
      <lfqMode>1</lfqMode>
      <lfqSkipNorm>False</lfqSkipNorm>
      <lfqMinEdgesPerNode>3</lfqMinEdgesPerNode>
      <lfqAvEdgesPerNode>6</lfqAvEdgesPerNode>
      <lfqMaxFeatures>100000</lfqMaxFeatures>
      <neucodeMaxPpm>0</neucodeMaxPpm>
      <neucodeResolution>0</neucodeResolution>
      <neucodeResolutionInMda>False</neucodeResolutionInMda>
      <neucodeInSilicoLowRes>False</neucodeInSilicoLowRes>
      <fastLfq>True</fastLfq>
      <lfqRestrictFeatures>False</lfqRestrictFeatures>
      <lfqMinRatioCount>2</lfqMinRatioCount>
      <maxLabeledAa>3</maxLabeledAa>
      <maxNmods>5</maxNmods>
      <maxMissedCleavages>2</maxMissedCleavages>
      <multiplicity>1</multiplicity>
      <enzymes>
        <string>Trypsin/P</string>
      </enzymes>
      <enzymesFirstSearch></enzymesFirstSearch>
      <enzymesSecondSearch></enzymesSecondSearch>
      <useEnzymeFirstSearch>False</useEnzymeFirstSearch>
      <useVariableModificationsFirstSearch>True</useVariableModificationsFirstSearch>
      <variableModifications>
        <string>Oxidation (M)</string>
        <string>Acetyl (Protein N-term)</string>
      </variableModifications>
      <useMultiModification>False</useMultiModification>
      <multiModifications></multiModifications>
      <isobaricLabels></isobaricLabels>
      <neucodeLabels></neucodeLabels>
      <variableModificationsFirstSearch>
        <string>Oxidation (M)</string>
      </variableModificationsFirstSearch>
      <hasAdditionalVariableModifications>False</hasAdditionalVariableModifications>
      <additionalVariableModifications></additionalVariableModifications>
      <additionalVariableModificationProteins></additionalVariableModificationProteins>
      <doMassFiltering>True</doMassFiltering>
      <firstSearchTol>20</firstSearchTol>
      <mainSearchTol>4.5</mainSearchTol>
      <searchTolInPpm>True</searchTolInPpm>
      <isotopeMatchTol>2</isotopeMatchTol>
      <isotopeMatchTolInPpm>True</isotopeMatchTolInPpm>
      <isotopeTimeCorrelation>0.6</isotopeTimeCorrelation>
      <theorIsotopeCorrelation>0.6</theorIsotopeCorrelation>
      <checkMassDeficit>True</checkMassDeficit>
      <recalibrationInPpm>True</recalibrationInPpm>
      <intensityDependentCalibration>False</intensityDependentCalibration>
      <minScoreForCalibration>70</minScoreForCalibration>
      <matchLibraryFile>False</matchLibraryFile>
      <libraryFile></libraryFile>
      <matchLibraryMassTolPpm>0</matchLibraryMassTolPpm>
      <matchLibraryTimeTolMin>0</matchLibraryTimeTolMin>
      <matchLibraryIonMobTolPercent>0</matchLibraryIonMobTolPercent>
      <librarySearchWithPasefMsMsMatch>False</librarySearchWithPasefMsMsMatch>
      <fixedModifications>
        <string>Carbamidomethyl (C)</string>
      </fixedModifications>
    </parameterGroup>
  </parameterGroups>
  <msmsParamsArray>
    <msmsParams>
      <Name>FTMS</Name>
      <MatchTolerance>20</MatchTolerance>
      <MatchToleranceInPpm>True</MatchToleranceInPpm>
      <DeisotopeTolerance>7</DeisotopeTolerance>
      <DeisotopeToleranceInPpm>True</DeisotopeToleranceInPpm>
      <DeNovoTolerance>10</DeNovoTolerance>
      <DeNovoToleranceInPpm>True</DeNovoToleranceInPpm>
      <Deisotope>True</Deisotope>
      <Topx>12</Topx>
      <TopxInterval>100</TopxInterval>
      <HigherCharges>True</HigherCharges>
      <IncludeWater>True</IncludeWater>
      <IncludeAmmonia>True</IncludeAmmonia>
      <DependentLosses>True</DependentLosses>
      <Recalibration>False</Recalibration>
    </msmsParams>
  </msmsParamsArray>
</MaxQuantParams>
